<?xml version="1.0" encoding="UTF-8"?>
<project-private xmlns="http://www.netbeans.org/ns/project-private/1">
    <editor-bookmarks xmlns="http://www.netbeans.org/ns/editor-bookmarks/2" lastBookmarkId="0"/>
    <open-files xmlns="http://www.netbeans.org/ns/projectui-open-files/2">
        <group>
            <file>file:/C:/Users/msilva/Desktop/Downloads/GameZone/GameZone/src/br/com/gamezone/dao/GameDAO.java</file>
            <file>file:/C:/Users/msilva/Desktop/Downloads/GameZone/GameZone/src/br/com/gamezone/views/TelaLogin.java</file>
            <file>file:/C:/Users/msilva/Desktop/Downloads/GameZone/GameZone/src/br/com/gamezone/dao/login/LoginDAO.java</file>
            <file>file:/C:/Users/msilva/Desktop/Downloads/GameZone/GameZone/src/br/com/gamezone/model/Funcionario/FuncionarioModel.java</file>
            <file>file:/C:/Users/msilva/Desktop/Downloads/GameZone/GameZone/src/br/com/gamezone/views/TelaCadastro.java</file>
            <file>file:/C:/Users/msilva/Desktop/Downloads/GameZone/GameZone/src/br/com/gamezone/dao/Historico/historicoDAO.java</file>
            <file>file:/C:/Users/msilva/Desktop/Downloads/GameZone/GameZone/src/br/com/gamezone/model/Hstorico/HistoricoModel.java</file>
        </group>
    </open-files>
</project-private>
